PRAGMA foreign_keys=ON;

INSERT INTO User (username, name, email, password, birthDate, profilePictureLink, activityStatus) VALUES 
('gustavomendes', 'Gustavo Mendes', 'gustavo.mendes@exemplo.com', 'password0', '1990-01-15', 'http://example.com/profile0.png', 'online'),
('larafonseca', 'Lara Fonseca', 'lara.fonseca@exemplo.com', 'password1', '1988-03-22', 'http://example.com/profile1.png', 'offline'),
('mateusribeiro', 'Mateus Ribeiro', 'mateus.ribeiro@exemplo.com', 'password2', '1994-07-12', 'http://example.com/profile2.png', 'offline'),
('claraalves', 'Clara Alves', 'clara.alves@exemplo.com', 'password3', '1992-10-25', NULL, 'online'),
('robertooliveira', 'Roberto Oliveira', 'roberto.oliveira@exemplo.com', 'password4', '1985-02-10', 'http://example.com/profile4.png', 'online'),
('leticiacosta', 'Letícia Costa', 'letícia.costa@exemplo.com', 'password5', '1993-05-18', 'http://example.com/profile5.png', 'online'),
('pedrofonseca', 'Pedro Fonseca', 'pedro.fonseca@exemplo.com', 'password6', '1991-08-07', 'http://example.com/profile6.png', 'online'),
('carolinasilva', 'Carolina Silva', 'carolina.silva@exemplo.com', 'password7', '1995-04-20', 'http://example.com/profile7.png', 'offline'),
('vitorpereira', 'Vitor Pereira', 'vitor.pereira@exemplo.com', 'password8', '1989-06-05', NULL, 'online'),
('biancasantos', 'Bianca Santos', 'bianca.santos@exemplo.com', 'password9', '1996-11-17', NULL, 'online'),
('filipealmeida', 'Filipe Almeida', 'filipe.almeida@exemplo.com', 'password10', '1987-02-13', 'http://example.com/profile10.png', 'online'),
('lucianaramos', 'Luciana Ramos', 'luciana.ramos@exemplo.com', 'password11', '1990-09-08', 'http://example.com/profile11.png', 'online'),
('brunomartins', 'Bruno Martins', 'bruno.martins@exemplo.com', 'password12', '1992-12-21', 'http://example.com/profile12.png', 'offline'),
('marianasilva', 'Mariana Silva', 'mariana.silva@exemplo.com', 'password13', '1991-01-16', 'http://example.com/profile13.png', 'online'),
('andrecarvalho', 'André Carvalho', 'andré.carvalho@exemplo.com', 'password14', '1994-08-09', 'http://example.com/profile14.png', 'online'),
('juliagoncalves', 'Júlia Gonçalves', 'júlia.gonçalves@exemplo.com', 'password15', '1986-11-30', NULL, 'offline'),
('rafaelbarbosa', 'Rafael Barbosa', 'rafael.barbosa@exemplo.com', 'password16', '1993-06-03', 'http://example.com/profile16.png', 'online'),
('marcelapereira', 'Marcela Pereira', 'marcela.pereira@exemplo.com', 'password17', '1989-02-28', 'http://example.com/profile17.png', 'offline'),
('luanacarvalho', 'Luana Carvalho', 'luana.carvalho@exemplo.com', 'password18', '1995-09-10', 'http://example.com/profile18.png', 'online'),
('rodrigomartins', 'Rodrigo Martins', 'rodrigo.martins@exemplo.com', 'password19', '1987-03-15', 'http://example.com/profile19.png', 'offline');

INSERT INTO GroupChat (name, profilePictureLink, creationDate, administrator) VALUES 
('Chat 1', 'http://example.com/group0.png', '2021-01-07', 'gustavomendes'),
('Chat 2', NULL, '2024-07-02', 'larafonseca'),
('Chat 3', 'http://example.com/group2.png', '2014-01-09', 'mateusribeiro'),
('Chat 4', 'http://example.com/group3.png', '2020-05-04', 'claraalves'),
('Chat 5', 'http://example.com/group4.png', '2023-11-28', 'robertooliveira'),
('Chat 6', 'http://example.com/group5.png', '2022-09-06', 'leticiacosta');

INSERT INTO MemberOfGroupChat (groupID, member) VALUES 
(1, 'mateusribeiro'),
(1, 'claraalves'),
(1, 'robertooliveira'),
(2, 'claraalves'),
(2, 'robertooliveira'),
(2, 'leticiacosta'),
(3, 'robertooliveira'),
(3, 'leticiacosta'),
(3, 'pedrofonseca'),
(4, 'leticiacosta'),
(4, 'pedrofonseca'),
(4, 'carolinasilva'),
(5, 'pedrofonseca'),
(5, 'carolinasilva'),
(5, 'vitorpereira'),
(6, 'carolinasilva'),
(6, 'vitorpereira'),
(6, 'biancasantos');

INSERT INTO Message (sentTime, text, sender) VALUES 
('2024-01-12 10:30:00', 'Lembra-te de rever os documentos antes da reunião', 'gustavomendes'),
('2024-02-05 16:45:00', 'A reunião foi adiada para amanhã, por favor, organiza-te.', 'larafonseca'),
('2024-03-10 09:15:00', 'Não te esqueças de confirmar a tua presença no evento de hoje!', 'mateusribeiro'),
('2024-02-22 18:00:00', 'A nossa stora de BD explica mesmo bem', 'claraalves'),
('2024-03-03 14:00:00', 'Estamos à espera da tua resposta para avançarmos com o projeto.', 'robertooliveira'),
('2024-04-01 11:20:00', 'Por favor, verifica o e-mail importante que foi enviado mais cedo.', 'leticiacosta'),
('2024-05-02 13:30:00', 'O prazo foi prorrogado para a próxima quarta-feira.', 'pedrofonseca'),
('2024-06-10 08:45:00', 'A reunião será na sala 3, por favor, não te atrases.', 'carolinasilva'),
('2024-07-15 17:00:00', 'É necessário rever os pontos do contrato antes de assinares.', 'vitorpereira'),
('2024-08-01 12:00:00', 'O evento será transmitido online. Não percas!', 'biancasantos'),
('2024-09-05 15:00:00', 'Agradecemos a tua colaboração no projeto! Estamos muito satisfeitos com os resultados.', 'filipealmeida'),
('2024-10-10 14:15:00', 'A nova atualização do sistema será implementada hoje à noite.', 'lucianaramos'),
('2024-11-12 17:30:00', 'A conferência está marcada para amanhã às 10h. Prepara-te!', 'brunomartins'),
('2024-12-10 13:00:00', 'O contrato foi assinado, precisamos da tua confirmação final para prosseguir.', 'marianasilva'),
('2024-01-11 10:00:00', 'Estamos à espera da tua confirmação para a reunião de sexta-feira.', 'andrecarvalho'),
('2024-02-22 14:30:00', 'Alguém viu o relatório que enviei? Preciso de feedback.', 'juliagoncalves'),
('2024-03-18 16:15:00', 'O prazo final para submissão de propostas é amanhã, por favor, lembra-te.', 'rafaelbarbosa'),
('2024-04-20 11:30:00', 'A sala de reuniões está disponível para o briefing às 14h.', 'marcelapereira'),
('2024-05-25 12:45:00', 'Por favor, revê os termos do contrato até ao final do dia.', 'luanacarvalho'),
('2024-06-15 10:00:00', 'Estamos na fase final de revisão, a tua colaboração é essencial.', 'rodrigomartins'),
('2024-07-10 09:30:00', 'O projeto foi aprovado, agora precisamos da tua confirmação final.', 'gustavomendes'),
('2024-08-01 13:45:00', 'A nova funcionalidade do sistema já está disponível para testes.', 'larafonseca'),
('2024-09-22 18:00:00', 'Aviso: A atualização do sistema será realizada à meia-noite.', 'mateusribeiro'),
('2024-10-30 17:30:00', 'Estamos à espera do teu parecer sobre os últimos ajustes no relatório.', 'claraalves'),
('2024-11-14 11:15:00', 'Lembra-te de enviar a versão final do projeto de BD até às 23:55.', 'robertooliveira'),
('2024-12-25 14:00:00', 'Amanhã é feriado! Aproveita o dia para descansar.', 'leticiacosta'),
('2024-01-03 16:45:00', 'O status do projeto foi atualizado. Verifica na plataforma.', 'pedrofonseca'),
('2024-02-12 13:30:00', 'Manda o UML atualizado pfv', 'carolinasilva'),
('2024-03-25 10:30:00', 'O documento tem de ser assinado até amanhã para podermos avançar.', 'vitorpereira'),
('2024-04-07 14:00:00', 'A reunião sobre o novo projeto foi reagendada para quinta-feira.', 'biancasantos'),
('2024-05-21 15:45:00', 'Por favor, termina os relatórios pendentes até ao final do dia.', 'filipealmeida'),
('2024-06-10 16:30:00', 'Lembra-te de fazer git commit no teu PC para eu conseguir dar pull.', 'lucianaramos'),
('2024-07-02 09:00:00', 'Alguém pode rever os e-mails que foram enviados ontem?', 'brunomartins'),
('2024-08-18 12:00:00', 'A nova versão do software vai ser lançada na próxima segunda-feira.', 'marianasilva'),
('2024-09-14 13:00:00', 'Estamos à espera do teu feedback para poder finalizar a apresentação.', 'andrecarvalho'),
('2024-10-05 10:00:00', 'O prazo final para submissão dos relatórios é amanhã às 17h.', 'juliagoncalves'),
('2024-11-22 17:15:00', 'Confirma o recebimento do contrato para podermos prosseguir.', 'rafaelbarbosa'),
('2024-12-04 16:30:00', 'Lembra-te de rever os requisitos do cliente antes da reunião de amanhã.', 'marcelapereira'),
('2024-01-30 14:00:00', 'Amanhã bora ao Starbucks?', 'luanacarvalho'),
('2024-02-10 09:30:00', 'Ainda tens o documento do Projeto FEUP?', 'rodrigomartins'),
('2024-03-11 16:45:00', 'Aviso importante sobre o novo processo', 'gustavomendes'),
('2024-04-18 15:00:00', 'Amanhá dá bué chuva :(', 'larafonseca'),
('2024-05-25 14:00:00', 'Como estás?', 'mateusribeiro'),
('2024-06-06 10:15:00', 'Nunca mais é Natal...', 'claraalves'),
('2024-07-22 13:00:00', 'Vamos à aula de anatomia amanhã?', 'robertooliveira'),
('2024-08-05 14:00:00', 'O autocarro nunca mais chega ...', 'leticiacosta'),
('2024-09-16 17:30:00', 'meu deus', 'pedrofonseca'),
('2024-10-25 16:00:00', 'Olá!!!!!', 'carolinasilva'),
('2024-11-03 14:30:00', 'Queres ser meu amigo?', 'vitorpereira'),
('2024-12-02 13:30:00', 'Acabou tudo entre nós >:(', 'biancasantos');

INSERT INTO GroupChatReceives (messageID, groupID) VALUES 
(1, 1),
(2, 2),
(3, 3),
(4, 4),
(5, 5),
(6, 6);

INSERT INTO UserReceives (messageID, username) VALUES 
(7, 'filipealmeida'),
(8, 'lucianaramos'),
(9, 'brunomartins'),
(10, 'marianasilva'),
(11, 'andrecarvalho'),
(12, 'juliagoncalves'),
(13, 'rafaelbarbosa'),
(14, 'marcelapereira'),
(15, 'luanacarvalho'),
(16, 'rodrigomartins'),
(17, 'gustavomendes'),
(18, 'larafonseca'),
(19, 'mateusribeiro'),
(20, 'claraalves'),
(21, 'robertooliveira'),
(22, 'leticiacosta'),
(23, 'pedrofonseca'),
(24, 'carolinasilva'),
(25, 'vitorpereira'),
(26, 'biancasantos'),
(27, 'filipealmeida'),
(28, 'lucianaramos'),
(29, 'brunomartins'),
(30, 'marianasilva'),
(31, 'andrecarvalho'),
(32, 'juliagoncalves'),
(33, 'rafaelbarbosa'),
(34, 'marcelapereira'),
(35, 'luanacarvalho'),
(36, 'rodrigomartins'),
(37, 'gustavomendes'),
(38, 'larafonseca'),
(39, 'mateusribeiro'),
(40, 'claraalves'),
(41, 'robertooliveira'),
(42, 'leticiacosta'),
(43, 'pedrofonseca'),
(44, 'carolinasilva'),
(45, 'vitorpereira'),
(46, 'biancasantos'),
(47, 'filipealmeida'),
(48, 'lucianaramos'),
(49, 'brunomartins'),
(50, 'marianasilva');

INSERT INTO Friend (username1, username2) VALUES 
('gustavomendes', 'larafonseca'),
('larafonseca', 'mateusribeiro'),
('mateusribeiro', 'claraalves'),
('claraalves', 'robertooliveira'),
('robertooliveira', 'leticiacosta'),
('leticiacosta', 'pedrofonseca'),
('pedrofonseca', 'carolinasilva'),
('carolinasilva', 'vitorpereira'),
('vitorpereira', 'biancasantos'),
('biancasantos', 'filipealmeida');

INSERT INTO Block (blocks, isBlocked) VALUES 
('gustavomendes', 'claraalves'),
('larafonseca', 'robertooliveira'),
('mateusribeiro', 'leticiacosta'),
('claraalves', 'pedrofonseca'),
('robertooliveira', 'carolinasilva');

INSERT INTO PrivacySettings (username, cookiesConsent) VALUES 
('gustavomendes', 0),
('larafonseca', 1),
('mateusribeiro', 1),
('claraalves', 0),
('robertooliveira', 1),
('leticiacosta', 0);

INSERT INTO PrivacySettings (username, profileVisibility, searchVisibility, directMessagePrivacy, activityStatusVisibility, cookiesConsent) VALUES 
('pedrofonseca', 'public', 'public', 'friends', 'private', 1),
('carolinasilva', 'friends', 'private', 'friends', 'public', 0),
('vitorpereira', 'private', 'friends', 'friends', 'private', 1),
('biancasantos', 'public', 'private', 'friends', 'private', 0),
('filipealmeida', 'friends', 'public', 'public', 'private', 1),
('lucianaramos', 'private', 'private', 'friends', 'public', 0),
('brunomartins', 'private', 'friends', 'public', 'public', 1),
('marianasilva', 'friends', 'private', 'public', 'friends', 0),
('andrecarvalho', 'public', 'public', 'friends', 'private', 1),
('juliagoncalves', 'private', 'private', 'public', 'friends', 0),
('rafaelbarbosa', 'friends', 'public', 'public', 'friends', 1),
('marcelapereira', 'public', 'friends', 'public', 'private', 0),
('luanacarvalho', 'friends', 'private', 'friends', 'private', 1),
('rodrigomartins', 'public', 'public', 'friends', 'private', 0);

INSERT INTO Post (videoOrImageLink, postedTime, location, hashtag, creator) VALUES 
('http://example.com/post1.png', '2020-03-12 09:45:00', 'Tokyo', '#exemplo1', 'gustavomendes'),
('http://example.com/post2.jpeg', '2021-01-25 16:00:00', 'New York', '#exemplo2', 'larafonseca'),
('http://example.com/post3.mp4', '2022-02-19 11:20:00', 'London', '#exemplo3', 'mateusribeiro'),
('http://example.com/post4.jpeg', '2023-04-01 13:05:00', 'Rio de Janeiro', '#exemplo4', 'claraalves'),
('http://example.com/post5.png', '2020-05-15 18:25:00', 'Berlin', '#exemplo5', 'robertooliveira'),
('http://example.com/post6.mov', '2021-06-22 10:10:00', 'Cape Town', '#exemplo6', 'leticiacosta'),
('http://example.com/post7.jpeg', '2022-07-30 14:30:00', 'Aveiro', '#exemplo7', 'pedrofonseca'),
('http://example.com/post8.mp4', '2023-02-28 08:50:00', 'Paris', '#exemplo8', 'carolinasilva'),
('http://example.com/post9.png', '2021-08-19 07:30:00', 'Madrid', '#exemplo9', 'vitorpereira'),
('http://example.com/post10.jpeg', '2020-09-02 19:00:00', 'Rome', '#exemplo10', 'biancasantos'),
('http://example.com/post11.mp4', '2022-10-11 05:40:00', 'Toronto', '#exemplo11', 'filipealmeida'),
('http://example.com/post12.png', '2021-11-01 15:15:00', 'Los Angeles', '#exemplo12', 'lucianaramos'),
('http://example.com/post13.mov', '2020-01-20 09:25:00', 'Fátima', '#exemplo13', 'brunomartins'),
('http://example.com/post14.jpeg', '2022-06-08 13:50:00', 'Istambul', '#exemplo14', 'marianasilva'),
('http://example.com/post15.mp4', '2023-04-19 17:30:00', 'Singapura', '#exemplo15', 'andrecarvalho'),
('http://example.com/post16.png', '2021-02-14 10:45:00', 'Bangkok', '#exemplo16', 'juliagoncalves'),
('http://example.com/post17.mov', '2022-07-10 08:00:00', 'Pequim', '#exemplo17', 'rafaelbarbosa'),
('http://example.com/post18.jpeg', '2020-05-06 12:05:00', 'Moscow', '#exemplo18', 'marcelapereira'),
('http://example.com/post19.mp4', '2023-03-23 07:50:00', 'Paris', '#exemplo19', 'luanacarvalho'),
('http://example.com/post20.png', '2021-06-17 18:40:00', 'Vila Nova de Gaia', '#exemplo20', 'rodrigomartins'),
('http://example.com/post21.png', '2020-11-28 16:20:00', 'Madrid', '#exemplo21', 'gustavomendes'),
('http://example.com/post22.jpeg', '2022-08-21 12:00:00', 'Los Angeles', '#exemplo22', 'larafonseca'),
('http://example.com/post23.jpeg', '2023-03-01 14:10:00', 'Rome', '#exemplo23', 'mateusribeiro'),
('http://example.com/post24.jpeg', '2021-12-05 09:00:00', 'Toronto', '#exemplo24', 'claraalves'),
('http://example.com/post25.jpeg', '2020-04-29 10:30:00', 'Santa Maria da Feira', '#exemplo25', 'robertooliveira'),
('http://example.com/post26.png', '2022-02-10 13:50:00', 'Sydney', '#exemplo26', 'leticiacosta'),
('http://example.com/post27.png', '2021-03-22 11:15:00', 'Dubai', '#exemplo27', 'pedrofonseca'),
('http://example.com/post28.jpeg', '2020-06-05 12:00:00', 'Bangkok', '#exemplo28', 'carolinasilva'),
('http://example.com/post29.png', '2022-07-01 13:00:00', 'Istambul', '#exemplo29', 'vitorpereira'),
('http://example.com/post30.jpeg', '2021-09-02 15:00:00', 'Moscow', '#exemplo30', 'biancasantos'),
('http://example.com/post31.mp4', '2023-03-04 12:00:00', 'Singapura', '#exemplo31', 'filipealmeida'),
('http://example.com/post32.mov', '2020-02-14 08:30:00', 'Cape Town', '#exemplo32', 'lucianaramos'),
('http://example.com/post33.mov', '2022-05-05 12:10:00', 'Tokyo', '#exemplo33', 'brunomartins'),
('http://example.com/post34.mp4', '2021-12-06 17:45:00', 'Rome', '#exemplo34', 'marianasilva'),
('http://example.com/post35.mov', '2020-07-08 16:00:00', 'Berlin', '#exemplo35', 'andrecarvalho'),
('http://example.com/post36.mp4', '2022-10-01 13:00:00', 'Porto', '#exemplo36', 'juliagoncalves'),
('http://example.com/post37.mov', '2023-01-20 14:00:00', 'Paris', '#exemplo37', 'rafaelbarbosa'),
('http://example.com/post38.mp4', '2021-04-12 18:10:00', 'Sydney', '#exemplo38', 'marcelapereira'),
('http://example.com/post39.mov', '2022-11-22 17:45:00', 'Dubai', '#exemplo39', 'luanacarvalho'),
('http://example.com/post40.mp4', '2020-08-14 12:50:00', 'Lamego', '#exemplo40', 'rodrigomartins');

INSERT INTO Comment (username, postID, text) VALUES 
('gustavomendes', 1, 'Adorei a perspetiva deste post!'),
('larafonseca', 2, 'Que post inspirador, adorei!'),
('mateusribeiro', 3, 'Este post é muito interessante, gostei imenso!'),
('claraalves', 4, 'Um post cheio de energia positiva, incrível!'),
('robertooliveira', 5, 'Muito bom, adorei a mensagem que transmite!'),
('leticiacosta', 6, 'Post super criativo, gostei muito!'),
('pedrofonseca', 7, 'Excelente conteúdo, continua assim!'),
('carolinasilva', 8, 'Incrível como este post me fez refletir!'),
('vitorpereira', 9, 'Muito interessante, adorei a ideia por trás!'),
('biancasantos', 10, 'Este post trouxe uma nova visão para mim, muito bom!'),
('filipealmeida', 11, 'Amei este post, identifiquei-me imenso!'),
('lucianaramos', 12, 'Post maravilhoso, não podia ser melhor!'),
('brunomartins', 13, 'Que post sensacional, adorei a mensagem!'),
('marianasilva', 14, 'Nunca mais postes aqui! Nunca vi um post tão mau!'),
('andrecarvalho', 15, 'Super interessante, é sempre bom ver algo novo!'),
('juliagoncalves', 16, 'Post de muita qualidade, adorei a abordagem!'),
('rafaelbarbosa', 17, 'Muito bom, excelente trabalho!'),
('marcelapereira', 18, 'Muito impactante, fez toda a diferença!'),
('luanacarvalho', 19, 'Incrível, adorei o conteúdo do post!'),
('rodrigomartins', 20, 'Post maravilhoso, continua assim!'),
('gustavomendes', 21, 'Super criativo e diferente, adorei!'),
('larafonseca', 22, 'Surpreendeu-me muito, adorei a ideia!'),
('mateusribeiro', 23, 'Este post fez-me pensar em várias coisas, sensacional!'),
('claraalves', 24, 'Muito bom, adorei o conceito por trás do post!'),
('robertooliveira', 25, 'Não gostei nada.'),
('leticiacosta', 26, 'Amei a forma como foi abordado, muito criativo!'),
('pedrofonseca', 27, 'Super relevante e cheio de informação, adorei!'),
('carolinasilva', 28, 'Fiquei encantada com a abordagem deste post!'),
('vitorpereira', 29, 'Excelente perspetiva, adorei cada parte!'),
('biancasantos', 30, 'Um post maravilhoso, realmente fez-me refletir!');

INSERT INTO Save (username, postID) VALUES 
('gustavomendes', 1),
('larafonseca', 2),
('mateusribeiro', 3),
('claraalves', 4),
('robertooliveira', 5),
('leticiacosta', 6),
('pedrofonseca', 7),
('carolinasilva', 8),
('vitorpereira', 9),
('biancasantos', 10),
('filipealmeida', 11),
('lucianaramos', 12),
('brunomartins', 13),
('marianasilva', 14),
('andrecarvalho', 15),
('juliagoncalves', 16),
('rafaelbarbosa', 17),
('marcelapereira', 18),
('luanacarvalho', 19),
('rodrigomartins', 20);

INSERT INTO Report (username, postID, state, reason, date) VALUES 
('gustavomendes', 1, 'Under Review', 'Inappropriate content in the post', '2024-01-15'),
('larafonseca', 2, 'Resolved', 'Offensive language used in the caption', '2024-02-02'),
('mateusribeiro', 3, 'Pending', 'Possible spam in the post', '2024-03-01'),
('claraalves', 4, 'Under Review', 'Violation of community guidelines', '2024-02-20'),
('robertooliveira', 5, 'Pending', 'Inappropriate hashtags', '2024-02-28'),
('leticiacosta', 6, 'Under Review', 'Hate speech detected in post', '2024-03-10'),
('pedrofonseca', 7, 'Resolved', 'Irrelevant content', '2024-01-30'),
('carolinasilva', 8, 'Pending', 'Post contains misleading information', '2024-03-05'),
('vitorpereira', 9, 'Resolved', 'Image is not suitable for the platform', '2024-02-25'),
('biancasantos', 10, 'Under Review', 'Encouraging harmful behavior', '2024-01-20');

INSERT INTO ReactionToPost (username, postID, emoji) VALUES 
('gustavomendes', 1, '❤️'),
('larafonseca', 2, '😂'),
('mateusribeiro', 3, '😮'),
('claraalves', 4, '😢'),
('robertooliveira', 5, '😎'),
('leticiacosta', 6, '🔥'),
('pedrofonseca', 7, '🎉'),
('carolinasilva', 8, '😍'),
('vitorpereira', 9, '👏'),
('biancasantos', 10, '🙌'),
('filipealmeida', 11, '🤔'),
('lucianaramos', 12, '💯'),
('brunomartins', 13, '🥳'),
('marianasilva', 14, '💥'),
('andrecarvalho', 15, '🤩');

INSERT INTO Story (postID)
VALUES
(1),
(2),
(3),
(4),
(5),
(6),
(7),
(8),
(9),
(10);

INSERT INTO Story (postID, durationInSeconds)
VALUES
(11, 45),
(12, 50),
(13, 30);

INSERT INTO Story (postID, lifetimeInHours)
VALUES
(14, 18),
(15, 22),
(16, 16);

INSERT INTO Story (postID, durationInSeconds, lifetimeInHours)
VALUES
(17, 35, 10),
(18, 28, 15),
(19, 50, 19),
(20, 38, 21);

INSERT INTO FeedPost (postID, caption)
VALUES
(21, 'Exploring new horizons and embracing challenges'),
(22, 'The magic is in the moments we capture'),
(23, 'Life is an adventure worth sharing with the world'),
(24, NULL),
(25, 'Behind the lens, creating unforgettable experiences'),
(26, 'A glimpse of the beauty in everyday life'),
(27, 'Embracing simplicity and finding joy in the little things'),
(28, NULL),
(29, 'Capturing the essence of joy and freedom'),
(30, 'Inspiring moments that tell stories beyond words');

INSERT INTO Reel (postID, durationInSeconds, caption)
VALUES
(31, 90, NULL),
(32, 60, 'Turning moments into cinematic masterpieces'),
(33, 90, 'Every second counts when you’re living your best life'),
(34, 90, 'The perfect blend of creativity and fun in every frame'),
(35, 30, 'Sharing life’s greatest moments in motion'),
(36, 90, 'A reel full of laughter, fun, and unforgettable moments'),
(37, 45, NULL),
(38, 90, 'Turning ordinary days into cinematic magic'),
(39, 90, 'From everyday moments to extraordinary memories'),
(40, 90, 'Every reel tells a story worth watching');
